Şube No	Şube Adı	Şehir	İlçe	Adres	Telefon	Enlem	Boylam	Yemeksepeti	Getir	Trendyol	Migros
1	İST FATİH İSKENDERPAŞA	İSTANBUL	FATİH	İSKENDERPAŞA MAH.MACAR KARDEŞLER CAD. NO 23 FATİH/İST.	(0212) 631 99 97	41.015819	28.951989	https://www.yemeksepeti.com/restaurant/paeg/bereket-doner-paeg	https://getir.com/yemek/restoran/bereket-doner-iskenderpasa-mah-fatih-istanbul/
2	TEKİRDAĞ ÇORLU EMLAK KONUT (E.K)	TEKİĞRDAĞ	ÇORLU	ESENTEPE MAH. SANCAK 2. SK. GOLDEN LIFE B BLOK NO: 10 /4B CORLU/ TEKIRDAG	0282 502 06 66	41156584618.469818	27843225004.237026	https://www.yemeksepeti.com/restaurant/tqee/bereket-doner-tqee	https://getir.com/yemek/restoran/bereket-doner-corlu-esentepe-mah-corlu-tekirdag/
3	İST ÜMRANİYE TEPEÜSTÜ (R.Y.K)	İSTANBUL	ÜMRANİYE	TEPEÜSTÜ MAHALLESİ ALEMDAĞ CAD. NO:596 / B 34771 ÜMRANİYE / İSTANBUL	0216 420 77 67	41017138965.369034	2913608347.756209	https://www.yemeksepeti.com/restaurant/i6fn/bereket-doner-i6fn	https://getir.com/yemek/restoran/bereket-doner-tepeustu-mah-umraniye-istanbul/
4	İST ÜSKÜDAR MERKEZ (E.K)	İSTANBUL	ÜSKÜDAR	SULTANTEPE MAH. SELMANI PAK CAD. EKSIOGLU NO: 63 /3 ÜSKUDAR/ İSTANBUL	0216 222 09 90	4102526401.282508	2901882732.931701	https://www.yemeksepeti.com/restaurant/f4g7/bereket-doner-f4g7	https://getir.com/yemek/restoran/bereket-doner-sultantepe-mah-uskudar-istanbul/
6	İST ESENYURT TORİUM AVM (E.K)	İSTANBUL	ESENYURT	Turgut Özal Mah, 68 sok.No:50 Torium AVM Esenyurt/İstanbul	0530 914 11 98	41003944.273551	2868789754.244015	https://www.yemeksepeti.com/restaurant/b63t/bereket-doner-b63t	https://getir.com/yemek/restoran/bereket-doner-turgut-ozal-mah-esenyurt-istanbul/
8	İST AVCILAR PELİKAN AVM (E.K)	İSTANBUL	AVCILAR	ÜNİVERSİTE MAH.SELVİ SK.E5 YOLU ÜZERİ NO:25 KAT 2/94 AVCILAR7İST.	0212 620 20 94	4099084560.570025	2871520056.955293	https://www.yemeksepeti.com/restaurant/pnek/bereket-doner-pnek	https://getir.com/yemek/restoran/bereket-doner-universite-mah-avcilar-istanbul/
10	İST BEYOĞLU İSTİKLAL CAD.	İSTANBUL	BEYOĞLU	KATİP MUSTAFA ÇELEBİ MAH.İSTİKLAL CAD. SADRİ ALIŞIK SOK NO:5 BEYOĞLU/İST.	(0212) 251 42 21	4103475454.519489	28980708686.144184	https://www.yemeksepeti.com/restaurant/vzsi/bereket-doner-vzsi
13	İST BAHÇELİEVLER STARCİTY (E.K)	İSTANBUL	BAHÇELİEVLER	Yenibosna Mah.DEĞİRMEN BAHÇE CAD. KONAK SOK NO 2  STARCİTY AVM KAT 2 NO 20 BAHÇELİEVLER/İST.	(0212) 603 42 42	4101135392.168653	2881586401.249716	https://www.yemeksepeti.com/restaurant/u498/bereket-doner-u498	https://getir.com/yemek/restoran/bereket-doner-yenibosna-merkez-mah-bahcelievler-istanbul/
20	İST EYÜP ALİBEYKÖY (E.K)	İSTANBUL	EYÜPSULTAN	Alibeyköy, Atatürk Cd. 32/A, 34060 Eyüpsultan/İstanbul	(0212) 955 02 25	4107579951.647724	2894673772.565536	https://www.yemeksepeti.com/restaurant/eos7/bereket-doner-eos7	https://getir.com/yemek/restoran/bereket-doner-alibeykoy-mah-eyupsultan-istanbul/
31	DÜZCE KREM PARK AVM (E.K)	DÜZCE	MERKEZ	KÜLTÜR MAH.İSTANBUL CAD.NO:1 KREMPARK AVM KAT 3  MERKEZ/DÜZCE	0 380 790 1479	4084079031.514491	31152401987.780605	https://www.yemeksepeti.com/restaurant/kehr/bereket-doner-kehr
38	İST B.ÇEKMECE ATİRUS AVM (E.K)	İSTANBUL	BÜYÜKÇEKMECE	FATİH MAH. LONDRA ASFALTI NO:40 ATİRUS AVM KAT 3 NO:316BÜYÜKÇEKMECE/İST.	0212 883 81 30	4102122813.162348	2858377888.235179	https://www.yemeksepeti.com/restaurant/a5rf/bereket-doner-a5rf	https://getir.com/yemek/restoran/bereket-doner-fatih-mah-buyukcekmece-istanbul-2/
47	İST KAĞITHANE AXİS AVM (E.K)	İSTANBUL	KAĞITHANE	Merkez, Merkez Mah. Cendere Cad Merkez Axis Shopping Center, Sanayi Cd. No:28, 34406 Kağıthane/İstanbul	0 553 846 49 46	4108613412.032208	2898275837.600899	https://www.yemeksepeti.com/restaurant/hq5t/bereket-doner-hq5t	https://getir.com/yemek/restoran/bereket-doner-kagithane-merkez-mah-kagithane-istanbul/
59	DİYARBAKIR CEYLAN KARAVİL AVM	DİYARBAKIR	KAYAPINAR	FIRAT MAHALLESİ URFA BULVARI NO:130 Z34 No: ./Diyarbakır	0 507 840 37 91	3792883147.420034	4017006394.382428	https://www.yemeksepeti.com/restaurant/hksg/bereket-doner-hksg	https://getir.com/yemek/restoran/bereket-doner-kayapinar-gaziler-mah-kayapinar-diyarbakir/
63	İST ÜMRANİYE METROGARDEN AVM (E.K)	İSTANBUL	ÜMRANİYE	NECİP FAZIL MAHALLESİ ALEMDAĞ CAD.NO:940  METRO GARDEN AVM KAT: 2 34773  ÜMRANİYE / İSTANBUL	0 216 510 0902	41015462642.710625	2917859229.950647	https://www.yemeksepeti.com/restaurant/vtql/bereket-doner-vtql	https://getir.com/yemek/restoran/bereket-doner-necip-fazil-mah-umraniye-istanbul/
66	İST BAŞAKŞEHİR İKİTELLİ MASKO (E.K)	İSTANBUL	BAŞAKŞEHİR	İkitelli OSB, ikitelli Mah, Masko Mobilyacılar Çarşısı D:17.ADA, 34490 Başakşehir/İstanbul	(0212) 675 06 97	41063957973.128227	28799869628.716194
85	ANTALYA KEMER (E.K)	ANTALYA	KEMER	YENİ MH.DR.DERVİŞ EROĞLU BLV.NO: 2/18 KEMER - ANTALYA	0542 477 4026	366026381.047164	305594107.368327
92	İST ATAŞEHİR BRANDIUM AVM (E.K)	İSTANBUL	ATAŞEHİR	KÜÇÜKBAKKALKÖY MAHALLESİ DUDULLU CADDESİ BRANDIUM AVM NO:23-25 34750 ATAŞEHİR / İSTANBUL	(0216) 576 86 93	40982039109.354126	2913225438.286668
95	İST BAHÇELİEVLER HAZNEDAR (E.K)	İSTANBUL	BAHÇELİEVLER	Bahçelievler, Naci Kasım Cd. No:2 D:4A, 34180 Bahçelievler/İstanbul	(0212) 644 61 99	41004996331.265709	28871065503.281265	https://www.yemeksepeti.com/restaurant/c46f/bereket-doner-c46f	https://getir.com/yemek/restoran/bereket-doner-bahcelievler-mah-bahcelievler-istanbul/
100	İST SULTANBEYLİ ATLAS PARK (E.K)	İSTANBUL	SULTANBEYLİ	ABDURRAHMANGAZİ MAH. FATİH BULV. NO:67 ATLAS PARK AVM KAT 3 NO:18 SULTANBEYLİ/İSTANBUL	0 216 496 4848	40969497857.949501	2925502455.466741	https://www.yemeksepeti.com/restaurant/tbqj/bereket-doner-tbqj	https://getir.com/yemek/restoran/bereket-doner-abdurrahmangazi-mah-sultanbeyli-istanbul/
107	İST AVCILAR ISPARTAKULE (E.K)	İSTANBUL	AVCILAR	TAHTAKALE MAHALLESİ ABDİ İPEKÇİ CADDESİ AÇELYA SOKAK BİZİMEVLER 4 T1 NO: 1. AVCİLAR/ İSTANBUL	0212 801 2090	4105864160.595352	28714438365.989964	https://www.yemeksepeti.com/restaurant/qvs9/bereket-doner-qvs9	https://getir.com/yemek/restoran/bereket-doner-tahtakale-mah-avcilar-istanbul/
120	KARABÜK MEYDAN (R.Y.K)	KARABÜK	MERKEZ	BAYIR MAH. KEMAL GÜNEŞ CAD. NO:147/A ÇINAR İŞ MERKEZİ MERKEZ/KARABÜK	0 370 412 4400	4119570243.867697	32617672185.584255		https://getir.com/yemek/restoran/bereket-doner-merkez-bayir-mah-merkez-karabuk-2/
122	İST BEŞYÜZEVLER (E.K)	İSTANBUL	BAYRAMPAŞA	YILDIRIM MAH. ESKİ EDİRNE ASFALTI SOK. NO:237/B BAYRAMPAŞA/İSTANBUL	0212  617 10 12	4106803408.619217	2889587659.921549	https://www.yemeksepeti.com/restaurant/x6ru/bereket-doner-x6ru	https://getir.com/yemek/restoran/bereket-doner-yildirim-mah-bayrampasa-istanbul/
123	İST BAHÇEŞEHİR 2.KISIM (E.K)	İSTANBUL	BAŞAKŞEHİR	BAHÇEŞEHİR 2.KISIM MAH.KELEBEK SK.G ÇARŞI NO:2 İÇ KAPI NO:3	0212 608 10 70	4103971464.567169	28669545626.454704	https://www.yemeksepeti.com/restaurant/ugwv/bereket-doner-ugwv	https://getir.com/yemek/restoran/bereket-doner-bahcesehir-2-kisim-mah-basaksehir-istanbul/
127	İST EMİNÖNÜ	İSTANBUL	FATİH	Rüstem Paşa, Yeni Cami Cd. 41/D, 34116 Fatih/İstanbul	0212 513 99 99 - (0212) 511 00 10	4101577634.991738	28971601028.974632
129	AYDIN KUŞADASI AVM (R.Y.K)	AYDIN	KUŞADASI	YAVANSU MAH. KARAOVA SOK. NO:8/7 G-1 KUŞADASI	0256-633 33 23	37809699797.505074	27278189907.418243	https://www.yemeksepeti.com/restaurant/vmvn/bereket-doner-vmvn
153	İST KARTAL (E.K)	İSTANBUL	KARTAL	Çavuşoğlu, Çavuşoğlu Cd. No7.B, 34860 Kartal/İstanbul	02163530014	4089471823.010291	29198943244.081207	https://www.yemeksepeti.com/restaurant/bzw5/bereket-doner-bzw5	https://getir.com/yemek/restoran/bereket-doner-cavusoglu-mah-kartal-istanbul/
154	ZONGULDAK EREĞLİ Ö.PARK AVM (E.K)	ZONGULDAK	EREĞLİ	BAĞLIK MAH. ERDEMİR CAD. NO:93, KDZ.EREĞLİ, 67300 KDZ.EREĞLİ/ZONGULDAK  BEREKET DÖNER	0 372 502 0020	4127593594.793286	31431375570.940197	https://www.yemeksepeti.com/restaurant/m3ns/bereket-doner-m3ns	https://getir.com/yemek/restoran/bereket-doner-karadeniz-eregli-baglik-mah-eregli-zonguldak/
157	ÇORUM OCAKLI (E.K)	ÇORUM	OCAKLI	ÖRNEKEVLER MAH. ANKARA SAMSUN CADDESİ OCAKLI TESİSLERİ NO:70 OCAKLI / ÇORUM	0 364 339 20 10	401578455.003414	3436375479.828694
167	ŞIRNAK KTM	ŞIRNAK	MERKEZ	Şırnak cizre nur mah tank taburu merkez komutanlığı	0	373427682.307814	421758061.294611
169	İST BEŞİKTAŞ ETİLER (E.K)	İSTANBUL	BEŞİKTAŞ	Nisbetiye, Levent Apt, Aytar Cd. No:31 D:C, 34340 Beşiktaş/İstanbul	(0212) 280 15 16	4107569074.624196	2901965766.420949	https://www.yemeksepeti.com/restaurant/j6lx/bereket-doner-j6lx	https://getir.com/yemek/restoran/bereket-doner-etiler-mah-besiktas-istanbul/
173	İST EYÜP VİALAND AVM (E.K)	İSTANBUL	EYÜPSULTAN	Yesilpinar Mah. Girne Cad Vialand Shopping Mall, 34065 Eyüpsultan/İstanbul - VİALAND (TEMAPARK)	0 535 278 26 81	41074891358.946342	28924066743.992828
175	ÇORUM SUNGURLU (E.K)	ÇORUM	SUNGURLU	KARAKAYA KÖYÜ HANDERESİ MEVKİ SUNGURLU ÇORUM	0 364 339 20 10	4015785766.767998	3436375397.589568
182	SİVAS PRİMALL AVM (E.K)	SİVAS	MERKEZ	GÜLTEPE MAH. FARABİ CAD. NO 22 MERKEZ SİVAS	0530 746 11 06	3972961213.823181	3699189589.794665
185	İST BEYLİKDÜZÜ BÜYÜKŞEHİR (E.K)	İSTANBUL	BEYLİKDÜZÜ	BÜYÜKŞEHİR MAHALLESİ ŞENEMEKEVLER SİTESİ CUMHURİYET CADDESİ NO:21 AE NO-21/C BAĞIMSIZ BÖLÜM BEYLİKDÜZÜ	0212 871 41 25	4100337265.851356	28643663051.595474	https://www.yemeksepeti.com/restaurant/k2jf/bereket-doner-k2jf	https://getir.com/yemek/restoran/bereket-doner-buyuksehir-mah-beylikduzu-istanbul/
191	İST EYÜP PARK (E.K)	İSTANBUL	EYÜPSULTAN	Akşemsettin, Atatürk Blv, 34070 Eyüpsultan/İstanbul	(0212) 626 00 27	4108232372.622316	28918622024.154922	https://www.yemeksepeti.com/restaurant/o7ts/bereket-doner-o7ts	https://getir.com/yemek/restoran/bereket-doner-mustafa-kemal-bulv-eyupsultan-istanbul/
194	MARDİN MARDİAN MALL AVM (E.K)	MARDİN	ARTUKLU	Yenişehir Mh. Vali Ozan Cd. AVM No.1/1 İç Kapı No:53 Artuklu / Mardin No: ./Mardin	0482 502 55 43	37321537326.293739	4072362946.507112
204	İST BAĞCILAR İSTOÇ (E.K)	İSTANBUL	BAĞCILAR	Opet, İstoc ticaret merkezi A-A yolu 8.ada karşısı, 34200 Bağcılar/İstanbul	0 533 959 56 53	4106984079.303143	2882532160.126829	https://www.yemeksepeti.com/restaurant/dpwm/bereket-doner-dpwm	https://getir.com/yemek/restoran/bereket-doner-mahmutbey-mah-bagcilar-istanbul-2/
206	BATMAN PETROL CİTY (E.K)	BATMAN	MERKEZ	GÜLTEPE MH DEMOKRASİ BLV.NO:60 İÇ KAPI NO 144 MERKEZ BATMAN No: ./Batman	0536 280 70 72	3792021987.468064	4113570027.144268	https://www.yemeksepeti.com/restaurant/h5os/bereket-doner-h5os	https://getir.com/yemek/restoran/bereket-doner-merkez-gultepe-mah-merkez-batman/
209	İST ESENYURT GÜZELYURT (E.K)	İSTANBUL	ESENYURT	GÜZELYURT MAH. ORHANGAZİ CAD. GÜLPARK YAŞAM EVLERİ NO 1-3 C	0212 699 10 10	41009778323.169678	28668674062.165871	https://www.yemeksepeti.com/restaurant/j3c8/bereket-doner-j3c8	https://getir.com/yemek/restoran/bereket-doner-guzelyurt-mah-esenyurt-istanbul/
215	İST ÜSKÜDAR KİRAZLITEPE (E.K)	İSTANBUL	ÜSKÜDAR	KİRAZLITEPE  M.AKİF ERSOY  CAD.112 / B    ÜSÜDAR / İSTANBUL	0 216 422 2212	4103570760.445321	2906331577.666411	https://www.yemeksepeti.com/restaurant/bjsc/bereket-doner-bjsc	https://getir.com/yemek/restoran/bereket-doner-kirazlitepe-mah-uskudar-istanbul/
218	İST SULTANGAZİ HASAKİ HASTANE (E.K)	İSTANBUL	SULTANGAZİ	Uğur Mumcu Mah.2348. Sk. Markam AVM(Sultown) No:5 M Sultangazi	0212 612 10 10	4110612361.220963	28872086188.077606	https://www.yemeksepeti.com/restaurant/p64i/bereket-doner-p64i
219	AMASYA GÜMÜŞHACIKÖY (E.K)	AMASYA	GÜMÜŞHACIKÖY	CUMARA MAH. ZÜBEYDE HANIM BLV.ÇUKUR SOK NO:2/1 GÜMÜŞHACIKÖY AMASYA	0358 545 20 21	408742536.392017	35216187936.098701	https://www.yemeksepeti.com/restaurant/nf5n/bereket-doner-nf5n	https://getir.com/yemek/restoran/bereket-doner-gumushacikoy-cumada-mah-gumushacikoy-amasya/
220	İST BAĞCILAR MEYDAN (E.K)	İSTANBUL	BAĞCILAR	Çınar, İstanbul Cd. No:27-29/D, 34200 Bağcılar/İstanbul	(0212) 605 05 00	4103433858.104802	28860187681.486313	https://www.yemeksepeti.com/restaurant/dpc9/bereket-doner-dpc9	https://getir.com/yemek/restoran/bereket-doner-cinar-mah-bagcilar-istanbul/
222	İST ATAŞEHİR KÜÇÜKBAKKALKÖY (E.K)	İSTANBUL	ATAŞEHİR	Küçükbakkalköy, Başöğretmen Cd No:5 D:C, 34758 Ataşehir/İstanbul	(0216) 573 28 58	409793422.336187	2911288306.117058	https://www.yemeksepeti.com/restaurant/w8jt/bereket-doner-w8jt	https://getir.com/yemek/restoran/bereket-doner-basogretmen-cad-atasehir-istanbul/
223	İST K.ÇEKMECE CENNET MAH.	İSTANBUL	KÜÇÜKÇEKMECE	Cennet Mahallesi Hürriyet Caddesi No 87-37 Küçükçekmece İstanbul	0212 955 05 00	40992423254.327873	28778954748.645256	https://www.yemeksepeti.com/restaurant/du1w/bereket-doner-du1w	https://getir.com/yemek/restoran/bereket-doner-cennet-mah-kucukcekmece-istanbul/
224	ANK ÇANKAYA ÇUKURAMBAR (E.K)	ANKARA	ÇUKURAMBAR	EROL YAŞAR TÜRKALP CAD. NO : 18/A ÇUKURAMBAR ANKARA	0312 220 44 06	3990030153.432459	32804221898.383305	https://www.yemeksepeti.com/restaurant/cjbq/bereket-doner-cjbq	https://getir.com/yemek/restoran/bereket-doner-cankaya-cukurambar-mah-cankaya-ankara/
230	İST BAŞAKŞEHİR KAYAŞEHİR (E.K)	İSTANBUL	BAŞAKŞEHİR	Kayaşehir Mahallesi Adnan Menderes Bulvarı Park Mavera T/3 No:10FG Başaksehir/İstanbul	0212 955 0501	4111790909.186327	28773427272.769745	https://www.yemeksepeti.com/restaurant/x31r/bereket-doner-x31r	https://getir.com/yemek/restoran/bereket-doner-kayabasi-mah-basaksehir-istanbul/
1004	İZMİR BORNOVA KÜÇÜKPARK	İZMİR	BORNOVA	161 sok.no19 A Bornova İzmir	(0232) 955 07 12	3845976067.299778	27213281857.182606	https://www.yemeksepeti.com/restaurant/evgk/bereket-doner-evgk	https://getir.com/yemek/restoran/bereket-doner-bornova-kazimdirik-mah-bornova-izmir/
1005	İST ÇEKMEKÖY TAŞDELEN (E.K)	İSTANBUL	ÇEKMEKÖY	Güngören Mahallesi Turgut Özal Cad. No: 60/A Çekmeköy/İstanbul	0 216 429 3333	41027201925.564941	2922159598.663852	https://www.yemeksepeti.com/restaurant/entx/bereket-doner-entx	https://getir.com/yemek/restoran/bereket-doner-gungoren-mah-cekmekoy-istanbul/
1006	İST GOP MEYDAN (E.K)	İSTANBUL	GAZİOSMANPAŞA	Merkez Mah. Salihpaşa Cad. No:29/A Gaziosmanpaşa	0212 955 00 12	41056870919.385651	2891114933.748318	https://www.yemeksepeti.com/restaurant/ktf6/bereket-doner-ktf6	https://getir.com/yemek/restoran/bereket-doner-gaziosmanpasa-merkez-mah-gaziosmanpasa-istanbul/
1007	İST ESENLER MEYDAN (E.K)	İSTANBUL	ESENLER	Menderes, 301. Sk No: 2, 34225 Esenler/İstanbul	(0212) 823 04 05	41037893502.518509	28882018893.982635	https://www.yemeksepeti.com/restaurant/r86r/bereket-doner-r86r	https://getir.com/yemek/restoran/bereket-doner-menderes-mah-esenler-istanbul/
1008	İST PENDİK LENS AVM (E.K)	İSTANBUL	PENDİK	Yenişehir, Lens AVM İstanbul, Sümbül Sk C blok 2E, 34912 Pendik/İstanbul	(0216) 755 84 44	4092741959.537749	29312473350.297844	https://www.yemeksepeti.com/restaurant/uo5b/bereket-doner-uo5b	https://getir.com/yemek/restoran/bereket-doner-yenisehir-mah-pendik-istanbul/
1009	İST KAĞITHANE GÜLTEPE (E.K)	İSTANBUL	KAĞITHANE	Gültepe, Talatpaşa Cd. No:40/A, 34410 Kağıthane/İstanbul	(0212) 890 41 21	4107917826.186287	29005184769.403278	https://www.yemeksepeti.com/restaurant/c41m/bereket-doner-c41m	https://getir.com/yemek/restoran/bereket-doner-ortabayir-mah-kagithane-istanbul/
1011	BİNGÖL MİLİAMALL AVM (E.K)	BİNGÖL	MERKEZ	İNÖNÜ MAH. GENÇ CAD. MİLİAMALL AVM NO:78 KAT: 4 D. No: 43 MERKEZ BİNGÖL No: ./Bingöl	0426 502 11 11	3888655098.770736	40495663427.154335	https://www.yemeksepeti.com/restaurant/oyvr/bereket-doner-oyvr	https://getir.com/yemek/restoran/bereket-doner-merkez-inonu-mah-merkez-bingol/
1021	İST BAŞAKŞEHİR OLİMPA AVM (E.K)	İSTANBUL	BAŞAKŞEHİR	Başakşehir mahallesi Erdem Beyazıt Mah No:5 Olimpa Avm Basakşehir/İstanbul	0545 803 42 42	41109203263.511055	28788695660.716236	https://www.yemeksepeti.com/restaurant/i9ra/bereket-doner-i9ra	https://getir.com/yemek/restoran/bereket-doner-basaksehir-mah-basaksehir-istanbul/
1022	İST HALKALI MEYDAN (E.K)	İSTANBUL	HALKALI	HALKALI MERKEZ MAH İKİTELLİ CAD.MEYDAN HALKALI CADDESİ B BLOK NO:9 HALKALI/İSTANBUL	0212 955 50 10	410364563.173463	28788829703.583363	https://www.yemeksepeti.com/restaurant/afh0/bereket-doner-afh0	https://getir.com/yemek/restoran/bereket-doner-halkali-merkez-mah-kucukcekmece-istanbul/
1023	ANK KEÇİÖREN AYVALI	ANKARA	KEÇİÖREN	AYVALI MAH. GAZZE CAD. NO : 4/A KEÇİÖREN ANKARA	0312 512 75 75	39972531124.566566	3282760495.269446	https://www.yemeksepeti.com/restaurant/nfby/bereket-doner-nfby	https://getir.com/yemek/restoran/bereket-doner-kecioren-ayvali-mah-kecioren-ankara/
1024	İST ÜMRANİYE E.A. HASTANESİ (E.K)	İSTANBUL	ÜMRANİYE	Kazım Karabekir, Adem Yavuz Cd. No:38/A, 34764 Ümraniye/İstanbul	0 216 631 9717	4103382543.943676	29102945578.995342	https://www.yemeksepeti.com/restaurant/rm68/bereket-doner-rm68	https://getir.com/yemek/restoran/bereket-doner-kazim-karabekir-mah-umraniye-istanbul/
1025	SAKARYA AGORA AVM (E.K)	SAKARYA	MERKEZ	Arabacıalanı, Eski Kazım Paşa Cd No:10, 54050 Serdivan/Sakarya	0 264 502 4645	40775368795.921074	30380753991.761452	https://www.yemeksepeti.com/restaurant/aqph/bereket-doner-aqph	https://getir.com/yemek/restoran/bereket-doner-serdivan-arabacialani-mah-serdivan-sakarya/
1027	TOKAT NİKSAR (E.K)	TOKAT	NİKSAR	GAZİOSMAN PAŞA CUMHURİYET CADDESİ 60600 NİKSAR /TOKAT	0850 377 08 80	4058963378.328804	3695001268.339384	https://www.yemeksepeti.com/restaurant/bp2c/bereket-doner-bp2c	https://getir.com/yemek/restoran/bereket-doner-niksar-fatih-mah-niksar-tokat/
1028	İST BAĞCILAR MAHMUTBEY	İSTANBUL	BAĞCILAR	Demirkapı, İnsa Metro Point, Maslak Cd. No:6-8K, 34214 Bağcılar/İstanbul	(0212) 955 13 15	4105315643.774089	28831526709.309288	https://www.yemeksepeti.com/restaurant/iw9k/bereket-doner-iw9k	https://getir.com/yemek/restoran/bereket-doner-demirkapi-mah-bagcilar-istanbul/
1031	İST CEVİZLİ AKADEMİ	İSTANBUL	MALTEPE	Cevizli, Tugay Yolu Cd. 20AD, 34846 Maltepe/İstanbul	(0216) 222 04 70	4091844895.863866	29166997209.194584	https://www.yemeksepeti.com/restaurant/ehaz/bereket-doner-ehaz	https://getir.com/yemek/restoran/bereket-doner-cevizli-mah-maltepe-istanbul/
1033	ANK KEÇİÖREN KIZLARPINARI	ANKARA	KEÇİÖREN	Güçlükaya Mah. Kızlarpınarı Cad. No.11/B Keçiören/Ankara	(0312) 361 42 42	3998102938.448795	32873823054.988976	https://www.yemeksepeti.com/restaurant/w62d/bereket-doner-w62d	https://getir.com/yemek/restoran/bereket-doner-kecioren-guclukaya-mah-kecioren-ankara/
1034	İST BAĞCILAR GÜNEŞLİ	İSTANBUL	BAĞCILAR	BAGLAR MAHALLESİ ATAÜRK CADDESİ NO:16 /A BAGCILAR İSTANBUL	0212 955 03 08	41029309679.387985	2882840720.307861	https://www.yemeksepeti.com/restaurant/tqhj/bereket-doner-tqhj	https://getir.com/yemek/restoran/bereket-doner-baglar-mah-bagcilar-istanbul/
1036	ANK MAMAK NATO YOLU	ANKARA	MAMAK	CENGIZHAN MAH. NATOYOLU CAD. ÇAGLA APT NO: 221 E	0 312 636 00 12	39896583833.037918	3292170703.330722	https://www.yemeksepeti.com/restaurant/r7eh/bereket-doner-r7eh	https://getir.com/yemek/restoran/bereket-doner-mamak-cengizan-mah-mamak-ankara/
1037	BURDUR BURÇ MAH.	BURDUR	MERKEZ	Burç Mah. Kışla Cad. Sanatkarlar No: 10 İç Kapı No: F  Burdur	0 555 800 14 15	37717396303.438354	3028114201.766986	https://www.yemeksepeti.com/restaurant/b4pu/bereket-doner-b4pu	https://getir.com/yemek/restoran/bereket-doner-merkez-burc-mah-merkez-burdur/
1038	İST PENDİK SAHİL (E.K)	İSTANBUL	PENDİK	Doğu, Erol Kaya Cd No:161/1, 34890 Pendik/İstanbul	02163750505	4087702364.387806	2923527897.116436	https://www.yemeksepeti.com/restaurant/iznu/bereket-doner-iznu	https://getir.com/yemek/restoran/bereket-doner-dogu-mah-pendik-istanbul/
1039	ANK ETİMESGUT ERYAMAN	ANKARA	ETİMESGUT	Altay mah, Söğüt Cd. no 8DR No:17, 06820 Etimesgut/Ankara	0(312) 577 27 33	39967652888.980743	3263984181.431873	https://www.yemeksepeti.com/restaurant/bhml/bereket-doner-bhml	https://getir.com/yemek/restoran/bereket-doner-etimesgut-altay-mah-etimesgut-ankara/
1040	İST ÇEKMEKÖY ŞAHİNBEY	İSTANBUL	ÇEKMEKÖY	ÇAMLIK MAH.ŞAHİNBEY CAD.NO:58 B ÇEKMEKÖY/İSTANBUL	0 216 222 0340	41020148977.342499	291926511.773023	https://www.yemeksepeti.com/restaurant/ybuq/bereket-doner-ybuq	https://getir.com/yemek/restoran/bereket-doner-camlik-mah-cekmekoy-istanbul/
1041	İST BEYLİKDÜZÜ YAKUPLU	İSTANBUL	BEYLİKDÜZÜ	Kavaklı mah olimpiyat cad ihlas marmara 4 evleri no 76 Beylikdüzü/İstanbul	0212 955 15 10	4098172313.657034	2867090560.406926	https://www.yemeksepeti.com/restaurant/nt7s/bereket-doner-nt7s	https://getir.com/yemek/restoran/bereket-doner-kavakli-mah-beylikduzu-istanbul/
1042	ANKARA KIZILAY AVM	ANKARA	ÇANKAYA	KIZILAY MAH. ATATÜRK BLV.KIZILAY AVM NO:96 ÇANKAYA/ANKARA	0 530 669 42 99	3992136903.244899	3285325613.792684	https://www.yemeksepeti.com/restaurant/f1nz/bereket-doner-f1nz	https://getir.com/yemek/restoran/bereket-doner-cankaya-kizilay-mah-cankaya-ankara/
1043	BURSA NİLÜFER ÖZLÜCE	BURSA	ÖZLÜCE	ALTIN ŞEHİR MAH. UĞUR MUMCU BULVARI TAŞYAKAN SİTESİ NO: 76/H/3	0 224 955 0061	40220850456.840698	28915390792.974365	https://www.yemeksepeti.com/restaurant/wtmu/bereket-doner-wtmu	https://getir.com/yemek/restoran/bereket-doner-ozluce-altinsehir-mah-nilufer-bursa/
1044	BURSA NİLÜFER GÖRÜKLE	BURSA	GÖRÜKLE	GÖRÜKLE MAH. ATATÜRK(490) CAD. ETÜDKENT SİTE A BLOK DIŞ KAPI NO: 77 A NİLÜFER BURSA TÜRKİYE	0 224 487 0500	4022679858.807594	28846167550.311787	https://www.yemeksepeti.com/restaurant/eqhh/bereket-doner-eqhh	https://getir.com/yemek/restoran/bereket-doner-nilufer-gorukle-mah-nilufer-bursa/
1045	İST ÜMRANİYE ÇARŞI	İSTANBUL	ÜMRANİYE	YAMANEVLER MH.ALEMDAĞ CD.NO:21 B	0 216 360 30 20	41025710724.562347	2909831263.218688	https://www.yemeksepeti.com/restaurant/u3aw/bereket-doner-u3aw	https://getir.com/yemek/restoran/bereket-doner-yamanevler-mah-umraniye-istanbul-2/
1046	AMASYA MERZİFON	AMASYA	MERZİFON	HOCA SÜLEYMAN MAHALLESİ CUMHURİYET CADDESİ NO:80 /A MERZİFON	0358 515 27 58	4087265221.174022	3546333482.253666	https://www.yemeksepeti.com/restaurant/jrh9/bereket-doner-jrh9	https://getir.com/yemek/restoran/bereket-doner-merzifon-hoca-suleyman-mah-merzifon-amasya/
1047	KAHRAMANMARAŞ ÜNİVERSİTE	KAHRAMANMARAŞ	ONİKİŞUBAT	K. Maraş üniversite Load poart Üngüt mahallesi turgut ozal bul. Maras loft alti no 102 / E onikisubat /kahramanmaras	0531 990 67 14	37.589903	36.835169	https://www.yemeksepeti.com/restaurant/tsr3/bereket-doner-tsr3	https://getir.com/yemek/restoran/bereket-doner-onikisubat-ungut-mah-onikisubat-kahramanmaras/
1048	İZMİR BALÇOVA	İZMİR	BALÇOVA	ONUR MAH. ATA CAD. SÜSLER NO:4/A BALÇOVA/İZMİR	(0232) 955 02 35	3839477352.181887	2705782007.116434	https://www.yemeksepeti.com/restaurant/mdd6/bereket-doner-mdd6	https://getir.com/yemek/restoran/bereket-doner-balcova-onur-mah-balcova-izmir/
1049	ANKARA İNCEK MAYRA PARK	ANKARA	GÖLBAŞI	Kızılcaşar mh incek ş.savcı mehmet selim kiraz bulvarı no:105/BE gölbaşı ankara	(0312) 557 05 03	3981473146.431373	32717101024.614437	https://www.yemeksepeti.com/restaurant/ukbe/bereket-doner-ukbe
1050	ANKARA İNCEK ROTA LİFE	ANKARA	GÖLBAŞI	ALACAATLI MAH. KANUNİ SULTAN SÜLEYMAN BLV. NO: 141 BD ÇANKAYA - ANKARA	0312 504 3677	3982794891.702609	3270963718.111601	https://www.yemeksepeti.com/restaurant/elzx/bereket-doner-elzx	https://getir.com/yemek/restoran/bereket-doner-cankaya-alacaatli-mah-cankaya-ankara/
1051	İST MİMAROBA	İSTANBUL	BÜYÜKÇEKMECE	EKİNOBA MAH. AKMAZ SK. NO:1/3 İÇ KAPI NO:3 BÜYÜKÇEKMECE - İSTANBUL	0212 955 51 50	4100286885.464229	28543931151.456635	https://www.yemeksepeti.com/restaurant/l470/bereket-doner-l470	https://getir.com/yemek/restoran/bereket-doner-ekinoba-mah-buyukcekmece-istanbul/
1052	TOKAT TURHAL	TOKAT	TURHAL	Cumhuriyet mahallesi Cumhuriyet Caddesi Sadık apartmanı 144A Turhal Tokat	0850 377 58 60	4038394260.615688	36064444787.422340	https://www.yemeksepeti.com/restaurant/w61l/bereket-doner-w61l	https://getir.com/yemek/restoran/bereket-doner-turhal-cumhuriyet-mah-turhal-tokat/
1053	İZMİR ÇİĞLİ BALATÇIK	İZMİR	ÇİĞLİ	BALATÇIK MAH.8788/1 SOK. A BLOK NO:3  ÇİĞLİ / İZMİR	0505 740 35 00	3851256446.299414	27039221098.446278	https://www.yemeksepeti.com/restaurant/tmig/bereket-doner-tmig	https://getir.com/yemek/restoran/bereket-doner-cigli-balatcik-mah-cigli-izmir/
1054	İST ÜSKÜDAR ÇENGELKÖY NATOYOLU	İSTANBUL	ÜSKÜDAR	GÜZELTEPE MAH. BOSNA BULVARI NO: 131/1A ÜSKÜDAR - İSTANBUL	0 216 514 7464	4104811589.807961	29076187796.934513	https://www.yemeksepeti.com/restaurant/khhs/bereket-doner-khhs	https://getir.com/yemek/restoran/bereket-doner-guzeltepe-mah-uskudar-istanbul/
1055	AFYON ERENLER	AFYON	MERKEZ	Bereket Döner-Erenler Mah. 2775 Sok. No:17/B Afyonkarahisar /Merkez	0272 502 30 60	3881883300.886247	30538457855.687943	https://www.yemeksepeti.com/restaurant/s6xa/bereket-doner-s6xa	https://getir.com/yemek/restoran/bereket-doner-merkez-erenler-mah-merkez-afyonkarahisar/
1056	SAMSUN İLKADIM	SAMSUN	İLKADIM	KALE MAH.KAZIMPAŞA CADDESİ ADNAN KEFELİ İŞ HANI NO:2İLKADIM/SAMSUN	0541 119 55 70	4129095493.423156	36334166019.642616	https://www.yemeksepeti.com/restaurant/kcnx/bereket-doner-kcnx	https://getir.com/yemek/restoran/bereket-doner-ilkadim-kale-mah-ilkadim-samsun/
1057	TOKAT ERBA	TOKAT	ERBAĞ	CUMHURİYET MAHALLESİ DR.SERVET DURMUŞOĞLU CADDESİ 37/2 TOKAT	0850 377 70 69	4067400266.279277	3657224411.018137	https://www.yemeksepeti.com/restaurant/gedr/bereket-doner-gedr	https://getir.com/yemek/restoran/bereket-doner-erbaa-cumhuriyet-mah-erbaa-tokat/
1058	İST SULTANGAZİ ESKİ EDİRNE ASFALTI	İSTANBUL	SULTANGAZİ	UĞUR MUMCU MAH. ESKİ EDİRNE ASFALTI CAD. NO:634-B SULTANGAZİ İSTANBUL	0212 813 90 92	4110189430.485202	2886286457.039647	https://www.yemeksepeti.com/restaurant/dmt5/bereket-doner-dmt5	https://getir.com/yemek/restoran/bereket-doner-sultangazi-ugur-mumcu-mah-sultangazi-istanbul/
1059	İST MALTEPE MEYDAN	İSTANBUL	MALTEPE	Altayçeşme Mah. Atatürk Cad. Anadolu Çarşı Pazar No:41 F İÇ KAPI NO:60 İstanbul/Maltepe	02164550055	409255799.928512	291316992.468143	https://www.yemeksepeti.com/restaurant/i1x6/bereket-doner-i1x6	https://getir.com/yemek/restoran/bereket-doner-altaycesme-mah-maltepe-istanbul/
1060	ESKİŞEHİR CAPELLA PARK	ESKİŞEHİR	ODUNPAZARI	BÜYÜKDERE MAHALLESİ FAKÜLTE SOKAK  NO:2C ODUNPAZARI  / ESKİŞEHİR	0543 742 66 26	3975177853.712419	30495201088.360096	https://www.yemeksepeti.com/restaurant/k85e/bereket-doner-k85e
1061	RİZE ÇARŞI MAH.	RİZE	MERKEZ	ÇARŞI MAH MENDERES BULV.NO:186 D MERKEZ/RİZE	0464 252 52 52	410272056.617772	40517276668.184464	https://www.yemeksepeti.com/restaurant/igc6/bereket-doner-igc6	https://getir.com/yemek/restoran/bereket-doner-merkez-carsi-mah-merkez-rize/
1062	İST PENDİK HATBOYU	İSTANBUL	PENDİK	BATI MAHALLESİ HATBOYU CADDESİ NO:19A PENDİK İSTANBUL	0216 375 75 35	40879834452.253433	292307628.363867	https://www.yemeksepeti.com/restaurant/squn/bereket-doner-squn	https://getir.com/yemek/restoran/bereket-doner-bati-mah-pendik-istanbul/
1063	KIBRIS LEFKOŞA K.KAYMAKLI	KIBRIS	LEFKOŞA	GZT.KEMAL AŞIK CADDESİ KÜÇÜK KAYMAKLI DÜKKAN NO:3-4-5 DIŞ KAPI NO:64 LEFKOŞA /KIBRIS	548 898 27 58	3518901332.933696	3336663005.246657
1064	ANK ELVANKENT	ANKARA	ETİMESGUT	Atakent mahallesi şehit Murat üçöz caddesi no 14-A Etimesgut Ankara	0552 139 09 06	39955505480.308815	3261422888.835724	https://www.yemeksepeti.com/restaurant/o01h/bereket-doner-o01h	https://getir.com/yemek/restoran/bereket-doner-etimesgut-atakent-mah-etimesgut-ankara/
1065	İST CEVİZLİBAĞ	İSTANBUL	ZEYTİNBURNU	Maltepe mahallesi 324. Sokak no 6AE zeytinburnu	0212 830 33 44	41015762431.074265	28905258494.048637	https://www.yemeksepeti.com/restaurant/wcqq/bereket-doner-wcqq	https://getir.com/yemek/restoran/bereket-doner-zeytinburnu-maltepe-mah-zeytinburnu-istanbul/
1066	ELAZIĞ - GAZİ CADDESİ	ELAZIĞ	MERKEZ	Nail Bey Mahallesi Gazi Caddesi No 29 C Merkez Elazığ	0424 213 3434	3867528656.395443	392189883.658927	https://www.yemeksepeti.com/restaurant/n09b/bereket-doner-n09b	https://getir.com/yemek/restoran/bereket-doner-merkez-nail-bey-mah-merkez-elazig/
1067	BOLU TABAKLAR MAH.	BOLU	MERKEZ	TABAKLAR MAHALLESİ HATTAT EMİN BARIN CADDESİ ÖZKOPARAN APT. NO 14A İÇ KAPI NO 8	0 505 163 9414	4072827558.839311	31599947283.418457	https://www.yemeksepeti.com/restaurant/ao5z/bereket-doner-ao5z	https://getir.com/yemek/restoran/bereket-doner-merkez-tabaklar-mah-merkez-bolu/
1068	İST TUZLA AYDINLI	İSTANBUL	TUZLA	AYDINLI MAH. DERSAADET CAD. NO: 37 F TUZLA/ İSTANBUL	0 216 755 78 00	408711899.042468	293309475.445095	https://www.yemeksepeti.com/restaurant/zqkz/bereket-doner-zqkz	https://getir.com/yemek/restoran/bereket-doner-aydinli-mah-tuzla-istanbul/
1069	BURSA YILDIRIM MİLLET	BURSA	YILDIRIM	Millet Mah Derya caddesi no:64/A 14  YILDIRIM / BURSA	0224 999 04 02	40213541924.937057	2909418725.228392	https://www.yemeksepeti.com/restaurant/h7i5/bereket-doner-h7i5	https://getir.com/yemek/restoran/bereket-doner-yildirim-millet-mah-yildirim-bursa/
1070	DİYARBAKIR KAYAPINAR	DİYARBAKIR	KAYAPINAR	MEDYA MAH. MAHABAD BLV. ANS PARK YAPI NO:10B KAYAPINAR / DİYARBAKIR	0540 583 2121	379566729.296766	401712673.902511	https://www.yemeksepeti.com/restaurant/utnh/bereket-doner-utnh	https://getir.com/yemek/restoran/bereket-doner-kayapinar-medya-mah-kayapinar-diyarbakir/
1071	İST KAĞITHANE HAMİDİYE	İSTANBUL	KAĞITHANE	HAMİDİYE MAH. GİRNE CAD. AKKAYA APT NO: 10 D KAĞITHANE/ İSTANBUL		410932879.230391	289698873.417319	https://www.yemeksepeti.com/restaurant/vtss/bereket-doner-vtss	https://getir.com/yemek/restoran/bereket-doner-hamidiye-mah-girne-cad-kagithane-istanbul/
1072	İST AVCILAR REŞİTPAŞA	İSTANBUL	AVCILAR	MERKEZ MH.MAHMUTOĞLU SK. 25/22	0212 955 55 30	409792318.594503	28726170.323436	https://www.yemeksepeti.com/restaurant/nt5r/bereket-doner-nt5r	https://getir.com/yemek/restoran/bereket-doner-merkez-mah-avcilar-istanbul/
1073	ANK AYDINLIKEVLER	ANKARA	ALTINDAĞ	AYDIKLIKEVLER MH.ÇEVRELİ CD.NO:63/A ANKARA-ALTINDAĞ	0312 544 91 75	39.961614	32.880513	https://www.yemeksepeti.com/restaurant/mbei/bereket-doner-mbei
1074	BALIKESİR GÖMEÇ	Balıkesir		MİTHATPAŞA MAH.ATATÜRK CAD.NO:25/A GÖMEÇ/BALIKESİR	0266 357 20 00	393939754.095932	268415394.999401	https://www.yemeksepeti.com/restaurant/cyap/bereket-doner-cyap	https://getir.com/yemek/restoran/bereket-doner-burhaniye-kemalpasa-mah-gomec-balikesir/
1075	İST HADIMKÖY FABRİKA SATIŞ MAĞAZASI	İSTANBUL	ARNAVUTKÖY	HADIMKÖY MAH. ÜRGÜPLÜ CADDESİ NO:11/1  BEREKET DÖNER FABRİKA SATIŞ MAĞAZASI		411480413.247071	28628925.775619
1076	KAHRAMANMARAŞ AFŞİN	KAHRAMANMARAŞ	AFŞİN	EFSUS TURAN MAH. AFŞİN BEY CAD. NO: 54 A AFŞİN/ KAHRAMANMARAŞ	0 546 152 38 46	382329069.299738	369457928.622157	https://www.yemeksepeti.com/restaurant/slxc/bereket-doner-slxc	https://getir.com/yemek/restoran/bereket-doner-afsin-efsus-turan-mah-afsin-kahramanmaras/
1077	İST KAĞITHANE ÇAĞLAYAN	İSTANBUL	KAĞITHANE	ÇAĞLAYAN MAH.VATAN CAD. NO:31/A		41074323501.518188	289808056.956496	https://www.yemeksepeti.com/restaurant/lmlr/bereket-doner-lmlr	https://getir.com/yemek/restoran/bereket-doner-kagithane-vatan-cad-kagithane-istanbul/
1078	İST SANCAKTEPE LAVENDER	İSTANBUL	SANCAKTEPE	EYÜP SULTAN MAH. DEHA CAD. O BLOK - LAVENDER NO: 2/1G  SANCAKTEPE / İSTANBUL	0216 629 90 09	40978544367.180328	29236174162.964344	https://www.yemeksepeti.com/restaurant/snwx/bereket-doner-snwx	https://getir.com/yemek/restoran/bereket-doner-eyup-sultan-mah-sancaktepe-istanbul/
1079	İST PENDİK KURTKÖY	İSTANBUL	PENDİK	Kurtköy mahallesi Ankara caddesi No:402 F   PENDİK / İSTANBUL	0216 646 46 06	4.091305	29.298706		https://getir.com/yemek/restoran/bereket-doner-kurtkoy-mah-pendik-istanbul/
1080	İST BEYKOZ RİVA	İSTANBUL	BEYKOZ	RİVA MAH.ACAR HATUN SK.NO:25	0216 319 19 91	41.224068	29.218026	https://www.yemeksepeti.com/restaurant/hzag/bereket-doner-hzag	https://getir.com/yemek/restoran/bereket-doner-riva-mah-beykoz-istanbul/
1081	ORDU ALTINORDU	ORDU	MERKEZ	AKYAZI MH.AHMET CEMAL MAĞDEN CD.NO:75 A	0452 250  50 02	4097856367.114921	3791049365.373697	https://www.yemeksepeti.com/restaurant/zcy9/bereket-doner-zcy9	https://getir.com/yemek/restoran/bereket-doner-altinordu-akyazi-mah-altinordu-ordu/
1082	İZMİR ALSANCAK	İZMİR	KONAK	ALSANCAK MH.KIBRIS ŞEHİTLERİ CD.AKSOY NO:185B İÇ KAPI NO:185B	0 232 503 13 73	3844124160.931064	27143993807.839172	https://www.yemeksepeti.com/restaurant/dake/bereket-doner-dake	https://getir.com/yemek/restoran/bereket-doner-konak-alsancak-mah-konak-izmir/
1083	ANK YENİ MAH. İVEDİK CADDESİ	ANKARA	YENİMAHALLE	ÖZEVLER MAH. İVEDİK CAD. ZIRAAT BANKASI NO: 147 A İÇ KAPI NO: 1 YENİMAHALLE/ ANKARA	0312 344 44 54	39.973402	32.782667	https://www.yemeksepeti.com/restaurant/vtgv/bereket-doner-vtgv
1084	ANKARA SİNCAN YENİKENT	ANKARA	SİNCAN	MUSTAFA KEMAL MAH. FATİH CAD. AVM NO 18 C  SİNCAN ANKARA	0552 787 64 70	40.003613	32.520931
1088	İST HALKALI KANUNİ	İSTANBUL	KÜÇÜKÇEKMECE	ATAKENT MH.221 SK. ROTA OFFİCE C BLOK NO: 3 E	0530 241 80 00	410558659.332056	287613848.138253	https://www.yemeksepeti.com/restaurant/vtgv/bereket-doner-vtgv	https://getir.com/yemek/restoran/bereket-doner-atakent-mah-kucukcekmece-istanbul/
1089	BURSA NİLÜFER BALKAN	BURSA	NİLÜFER	BALKAN, NAİM SÜLEYMANOĞLU CD. NO:26, 16000 NİLÜFER/BURSA	0533 394 1600	4020680638.404293	28812893807.912594	https://www.yemeksepeti.com/restaurant/zvuk/bereket-doner-zvuk	https://getir.com/yemek/restoran/bereket-doner-nilufer-balkan-mah-nilufer-bursa/
1090	GAZİANTEP KARATAŞ	GAZİANTEP	ŞAHİNBEY	KARATAŞ MAH.400 NOLU CAD.UĞUR CENTER ALIŞVERİŞ MERKEZİ NO:18/Z	0530 330 91 27	3701618397.128037	3734465880.690156
1091	ADIYAMAN ARYON AVM	ADIYAMAN	MERKEZ	ALTINŞEHİR MAH.ÜNİVERSİTE CAD.NO:7 İÇ KAPI NO:102	05058917794	37.745426	38.225323
1092	İZMİR KEMALPAŞA	İZMİR	KEMALPAŞA	MEHMET AKİF ERSOY MH.ATATÜRK BLV. MENEVİŞ NO:37 B İÇ KAPI NO:1	0552 678 00 08	3842707072.496181	2741919300.344303
1093	BURSA OSMANGAZİ FOMARA	BURSA	OSMANGAZİ	Ahmet Paşa Mah. Fevzi çakmak Cad. No:69(A) Osmangazi / Bursa	0 540 001 55 16	4019401135.594153	29059746465.339668	https://www.yemeksepeti.com/restaurant/t1x0/bereket-doner-t1x0	https://getir.com/yemek/restoran/bereket-doner-osmangazi-ahmet-pasa-mah-osmangazi-bursa/
1094	ANK KEÇİÖREN OVACIK	ANKARA	KEÇİÖREN	YAYLA MAH.1488 CAD.NO:4B/6	0544 331 77 70	40.002943	32.825107	https://www.yemeksepeti.com/restaurant/ye3q/bereket-doner-ye3q	https://getir.com/yemek/restoran/bereket-doner-kecioren-yayla-mah-kecioren-ankara/
1095	KÜTAHYA TAVŞANLI BEDESTEN AVM	KÜTAHYA	TAVŞANLI	DURAK MAH.KEMAL ZEYTİNOĞLU CAD.NO:75 İÇ KAPI NO:205	0274 600 01 23	39.546524	29.488442
1096	İST BEYLİKDÜZÜ ADNAN KAHVECİ	İSTANBUL	BEYLİKDÜZÜ	ADNAN KAHVECİ MAH.YAVUZ SULTAN SELİM BLV. KONUT NO:58/A İÇ KAPI NO:86	0212 955 06 64 / 0532 060 50 55	40.995442	28.625737
1097	ELAZIĞ ÇAYDAÇIRA	ELAZIĞ	MERKEZ	ÇAYDAÇIRA MH.ADNAN KAHVECİ BLV.NO:6AA	0535 559 30 23	38683579195.654709	391712608.511193
1098	KONYA KARATAY	KONYA	KARATAY	AKABE MAH.ALAADDİN KAP CAD. A VE B-BLOK NO:91 B	0332 410 66 16	37.866928	32.535308
1099	İST ATAŞEHİR KAYIŞDAĞI	İSTANBUL	ATAŞEHİR	KAYIŞDAĞI MH. KAYIŞDAĞI CD. NO:179 A İÇ KAPI NO:1	0216 364  55 55	4097851766.211719	29141764044.856361
1100	BALIKESİR EDREMİT	Balıkesir	Edremit	Hamidiye mah.Azerbaycan bulv. Benzinlik Bp no 1	0 533 023 1144	3959288735.912508	27016261651.246742
1101	ANT. TAHILPARAZARI MAH KAPALI YOL	ANTALYA	MURATPAŞA	TAHILPAZARI MAH. 465 SK. FİKRİ MELLİ İŞHANI NO:14 MURATPAŞA/ANTALYA	0242 243 25 62	36.891546	30.703920
1102	İST EMİNÖNÜ SOBACILAR	İSTANBUL	FATİH	SARIDEMİR MAH. UZUNÇARŞI CD. NO:247 İÇ KAPI NO:1 EMİNÖNÜ / FATİH / İST	0212 519 51 90	4101795683.223842	2896862518.437629
1103	BALIKESİR AVLU AVM	Balıkesir	MERKEZ	GÜMÜŞÇEŞME MAH.FARUK KULA CAD.NO:61/A	0543 840 98 07	3965127077.139485	27899209011.963608
1104	KOCALİ UMUTTEPE	KOCAELİ	İZMİT	KABAOĞLU MH.PROF.DR.BAKİ KOMŞUOĞLU BLV.468/C RESİTALCE 2	0 (262) 503 20 88	4082224754.290064	29921883519.052670
1106	ÇANKIRI YUNUS AVM	ÇANKIRI	MERKEZ	BUĞDAY PAZARI MAH. ÇARŞAMBA PAZARI CAD. YUNUS AVM NO: 4 İÇ KAPI NO: 118 MERKEZ / ÇANKIRI	0543 213 90 90	40.598677	33.621579
1108	GAZİANTEP ŞAHİNBEY YEDİTEPE MAH.ÜNİ	GAZİANTEP	ŞAHİNBEY	YEDİTEPE MAH.ADNAN MENDERES BUL.ELİT APT.NO:15C	0 540 360 60 27	37.033157	37.320915
1109	KOCAELİ DARICA FSM BULVARI	KOCAELİ	DARICA	EMEK MAHALLESİ FSM CADDESİ NO:25 A KOCAELİ DARICA	0262 502 37 36	4079958495.940543	29368633575.955551
1110	HATAY İSKENDERUN PRİME AVM	HATAY	İSKENDERUN	NUMUNE MAH. DR.SADIK AHMET CAD. PRİMALL NO:110 İÇ KAPI NO : 25 İSKENDERUN/HATAY	0540 445 25 35	36.574997	36.162010
1112	İST KURTKÖY VİAPORT AVM	İSTANBUL	PENDİK	YENİŞEHİR MAH. DEDE PAŞA CAD. VIAPORT 19/2B PENDİK / İSTANBUL	0216 696 14 34	4093786408.646402	2932624838.441992
1113	ÇORUM  OSMANCIK	ÇORUM	OSMANCIK	ULU CAMİ MH.ORG.AHMET ÇÖREKÇİ CD. NO:55 ÇORUM / OSMANCIK	0364 611 27 58	40974189873.788895	3479914924.766944
1114	İST ESENYURT KOZAPARK	İSTANBUL	ESENYURT	KOZA MAHALLESİ 1638. SK. GARANTİ KOZA SİTESİ KINALIADA B BLOK NO:610 ESENYURT / İSTANBUL	0212 955 06 63	4106173099.834046	286681498.043254
1115	ADANA-TURGUT ÖZAL BULV.	ADANA	ÇUKUROVA	MAHFESIĞMAZ MAH. TURGUT ÖZAL BLV. NO: 31 B ÇUKUROVA / ADANA	0 531 911 44 01	3703679667.154574	35313890495.239014
1116	İST ŞİŞLİ ABİDEİ HÜRRİYET CD.	İSTANBUL	ŞİŞLİ	MERKEZ MAH. ABİDEİ HÜRRİYET CD.AYKAÇ PLAZA NO : 203/B ŞİŞLİ / İSTANBUL		4106427808.124573	28987381314.179527
1117	AYDIN NAZİLLİ BAMBOO AVM	AYDIN	NAZİLLİ	İSABEYLİ MAH.4442 CAD.BAMBOO AVM NO:38 İÇ KAPI NO:Z3	0531 593 37 59	37898579554.843117	2827851557.731443
1118	MARDİN ANTİK KENT AVM Y.K.	MARDİN	MERKEZ	DİYARBAKIR KAPI MAH. 1.CAD. NO:329 İÇ KAPI NO: 5 ARTUKLU / MARDİN	0542 191 54 47	3731377451.705245	4072778281.072865
1119	BALIKESİR ERDEK	Balıkesir	ERDEK	YALI MAH. PAZAR CAD. CİCİLER APT. NO:4 ERDEK / BALIKESİR	0540 237 35 38	4039729978.490987	2779068813.348446
1120	İST ZEYTİNBURNU 58. BULVAR	İSTANBUL	ZEYTİNBURNU	YENİDOĞAN MAH. 58. BULVAR CAD. NO:71 İÇ KAPI NO : 1 ZEYTİNBURNU / İSTANBUL	0212 955 07 49	4099026879.427258	28903743025.303158
1122	İST ESENYURT PİRİ REİS (E.K)	İSTANBUL	ESENYURT	piri reis mahallesi Necip Fazıl Kısakürek caddesi 4-1L D blok dükkan no 28	0212 955 50 88	41016575.579613	2866698242.054729
1123	İST SARIYER	İSTANBUL	SARIYER	SARIYER MERKEZ MAH. YENİ MAHALLE CAD. NO: 10A SARIYER / İSTANBUL	02129555014	4116827230.346959	2905712196.764193
1124	NEVŞEHİR KOZAKLI	NEVŞEHİR	KOZAKLI	ALTUNSU MAH. KAPLICA CAD.NO:93 B İÇ KAPI NO:1 KOZAKLI / NEVŞEHİR	0551 006 77 07	3921306863.967341	3485484531.998821
1125	KOCAELİ / DERİNCE	KOCAELİ	DERİNCE	ÇENE DAĞI MH. İSTİKLAL CAD. NO : 190 / A     DERİNCE / KOCAELİ	0262 301 00 87	40759085895.861282	2983101744.461286
1126	İST FATİH ÇAPA	İSTANBUL	FATİH	BAŞVEKİL CAD. NO:12 A FATİH / İSTANBUL	0212 955 14 05	4101448295.457874	28933214127.860310
1127	GAZİANTEP ŞAHİTKAMİL GAZİMUHTAR	GAZİANTEP	ŞEHİTKAMİL	DEĞİRMİÇEM MAHALLESİ PROF. MUAMMER AKSOY  BULVARI NO:43/C ŞEHİTKAMİL / GAZİANTEP	(0342) 220 50 50	3706856493.504893	3737083035.927587
1128	İST EYÜPSULTAN BAYRAMPAŞA AXİS AVM (Y.K)	İSTANBUL	EYÜPSULTAN	TOPÇULAR MAH. OSMANGAZİ CAD. NO:2 İÇ KAPI NO:198 EYÜPSULTAN / İSTANBUL		41035516594.606903	2892070967.695541
1129	İST BAŞAKŞEHİR NİDAPARK	İSTANBUL	BAŞAKŞEHİR	BAŞAKŞEHİR MAH. OLİMPİYAT BULVARI NİDAPARK SİTESİ İSHAK PAŞA SOKAK NO :8 FS / 169 BAŞAKŞEHİR / İSTANBUL	0212 955 12 36	41.093868	28.773953
1130	ÇORUM MERKEZ	ÇORUM	MERKEZ	YENİYOL MAH. GAZİ CAD. NO: 16-A MERKEZ / ÇORUM	0364 666 12 56	4055051316.626074	3495603858.255022
1131	BURSA GEMLİK HAMİDİYE MAH. (Y.K)	BURSA	GEMLİK	Hamidiye Mah .İstiklal Cad. NO:40 GEMLİK/BURSA	0224 955 01 35	4042942128.582646	29155894555.574833
1132	İST BAKIRKÖY CAROUSEL	İSTANBUL	BAKIRKÖY	Zeytinlik, Fişekhane Cd. No:5, 34140 Bakırköy/İstanbul	0212 955 50 47	40977930955.437584	2887368277.220787
1134	ANTALYA BEACH PARK	ANTALYA	KONYAALTI	MELTEM MAHALLESİ BEACH PARK AVM NO:10 İÇ KAPI NO:36	0 242 955 00 26	36.881648	30.669877
1135	ANTALYA KONYAALTI ÖĞRETMENEVLERİ	ANTALYA	KONYAALTI	ÖĞRETMENEVLERİ MAH.ATATÜRK BLV.NAZIF ABAY APT.NO:80 A ANTALYA - KONYAALTI	0 242 955 00 32 - 0533 604 87 03	36.874467	30.642463
1136	MUĞLA FETHİYE TUZLA MAH	MUĞLA	FETHİYE	KELEŞKUYUSU MEVKİİ KESİKKAPI MAH. NO:42 FEYHİYE / MUĞLA	0531 409 04 31	36623966005.128906	291278322.319569
1137	İZMİR TORBALI	İZMİR	TORBALI	SADIK İLERİ BULV. NO:24/1 C TORBALI / İZMİR	0232 855 55 60	38160029728.739769	2735685421.637093
1138	İST BÜYÜKÇEKMECE ALKENT	İSTANBUL	BÜYÜKÇEKMECE	ÇAKMAKLI MAH. HADIMKÖY YOLU CAD. A BLOK NO:143 BÜYÜKÇEKMECE / İSTANBUL	0212 955 03 23	0.000000	0.000000
1139	ESKİŞEHİR TEPEBAŞI YENİBAĞLAR MH.	ESKİŞEHİR	TEPEBAŞI	YENİBAĞLAR MAH. PROF. DR. YILMAZ BÜYÜKERŞEN BLV. B BLOK APT. NO: 126/C TEPEBAŞI / ESKİŞEHİR	0222 301 01 22	39.786895	30.508745
1140	VAN  İPEK YOLU İSKELE CADDESİ	VAN	İPEKYOLU	ALİPAŞA MAHALLESİ İSKELE CAD. NO:68A İPEKYOLU / VAN	0551 353 65 65	3850679207.491762	4338301993.875321
1141	İST KADIKÖY GÖZTEPE (Y.K)	İSTANBUL	KADIKÖY	GÖZTEPE MAH. TÜTÜNCÜ MEHMET EFENDİ CADDESİ NO: 102/A KADIKÖY / İSTANBUL		40.981128	29.068218
1142	İST TUZLA İÇMELER (Y.K)	İSTANBUL	TUZLA	AYDINTEPE MAH. DR.SADIK AHMET CAD. NO:75B TUZLA / İSTANBUL	0216 222 22 43	4085107925.725578	29300028296.058914
1143	KOCAELİ CENGİZ TOPEL	KOCAELİ	İZMİT	KARABAŞ MAH. CENGİZ TOPEL CAD. NERGİS APT. NO: 10 İÇ KAPI NO: A İZMİT/ KOCAELİ	0262 301 01 21	40.764393	29.935122
1144	İST BAŞAKŞEHİR DEPOSİTE AVM	İSTANBUL	BAŞAKŞEHİR	ikitelli osb mah.gym sanatkarları 5/a-6/a blok kapı no:Z001 başakşehir/istanbul	0212 955 10 69	41.071139	28.809034
1145	İZMİR KARŞIYAKA ORDU CD	İZMİR	KARŞIYAKA	DEDEBAŞI MAH. ORDU BLV. GÜNEŞ KAPI NO:98 B KARŞIYAKA / İZMİR	0232 362 25 40	384683072.752724	2710765885.423424
1146	ANK SİNCAN TEMELLİ	ANKARA	SİNCAN	MALIKÖY MAH. ALCI BLV. NO: 4/3 SİNCAN / ANKARA	0312 955 06 24	39785450425.352509	3239228536.811656
1147	İST ÜSKÜDAR EMAAR AVM	İSTANBUL	ÜSKÜDAR	ÜNALAN MAHLLESİ LİBADİYE CADDESİ  EMAAR SQUARE SİT AVM Apt 82 /1 İÇ KAPI NO : 152 ÜSKÜDAR / İSTANBUL	0216 222 22 34	4100351285.966667	29071275725.881290
1148	TRABZON UZUN SOKAK	TRABZON	ORTAHİSAR	GAZİPAŞA MAH. UZUN SK. NO:21A ORTAHİSAR / TRABZON	0462 800 01 11	4100496311.501069	3972877677.978107
1149	İST ESENYURT ZAFER MAH.	İSTANBUL	ESENYURT	ZAFER MAH. ADİLE NAŞİT BLV. CENTRAL HİLL A NO:52 AC ESENYURT / İSTANBUL		4.101113	2.868107
1150	NEVŞEHİR ÜRGÜP	NEVŞEHİR	ÜRGÜP	CUMHURİYET MAH.GÜLLÜCE CAD. ÜRGÜP BELEDİYESİ NO 43 İÇ KAPI NO 1 ÜRGÜP / NEVŞEHİR	0850 377 8394	386312404.891742	3491297970.184947
1151	KARAMAN MERKEZ	KARAMAN	MERKEZ	KÜLHAN MAH. KEMAL KAYNAR CAD. NO:78/A MERKEZ / KARAMAN	0850 377 72 25	3718539424.718585	3321425640.060034
1152	ANK YENİMAHALLE GAZİ MAH.	ANKARA	YENİMAHALLE	GAZİ MAH. BANDIRMA CAD. NO:7B/13 YENİMAHALLE / ANKARA		3994156906.136535	3282512627.420413
1153	SİNOP BOYABAT	SİNOP	BOYABAT	CAMİİKEBİR MAH. ADNAN MENDERES BULVARI BELEDİYE İŞ MERKEZİ NO: 7/27 BOYABAT / SİNOP		41465782840.300430	3477215818.736923
1154	Hacıbey Döner					0.000000	0.000000
1155	İST SANCAKTEPE YENİDOĞAN	İSTANBUL	SANCAKTEPE	YENİDOĞAN MAH. BAHÇELİEVLER CAD. NO:54 A SANCAKTEPE / İSTANBUL	0 216 222 1473	41008898717.120590	29241433945.314785
1156	KARS MERKEZ	KARS	MERKEZ	ORTAKAPI MAH. ATATURK CAD. NO:76 IC KAPI NO: 1 MERKEZİ KARS / MERKEZ		40604811044.127075	4309634779.666388
